Month,Exp_CashFlow,DF_Base,PV_Base,DF_Low,PV_Low,DF_High,PV_High
1.0,4999.248457186011,0.9943776442295407,4971.140903774792,0.995942407351067,4978.963543395944,0.992844250484193,4963.475087459104
2.0,4999.248457186011,0.9887868993434908,4943.191381028687,0.9919012787602387,4958.760937522955,0.9857397057195191,4927.957703005299
3.0,4999.248457186011,0.9832275876142123,4915.399000443074,0.9878765474230741,4938.640305595047,0.9786859992976047,4892.6944720581005
4.0,4999.248457186011,0.9776995323133147,4887.762878508824,0.9838681468061967,4918.601314995339,0.9716827674320039,4857.683575958679
5.0,4999.248457186011,0.9722025577060375,4860.282136684202,0.9798760106461968,4898.643634456583,0.9647296489394341,4822.923209062068
6.0,4999.248457186011,0.9667364890456636,4832.955901366955,0.9759000729485329,4878.766934055669,0.9578262852211513,4788.411578644049
7.0,4999.248457186011,0.9613011525679641,4805.783303866529,0.9719402679864438,4858.970885208188,0.9509723202444527,4754.146904808682
8.0,4999.248457186011,0.9558963754856743,4778.763480376458,0.9679965302998599,4839.255160662987,0.9441674005243176,4720.127420396521
9.0,4999.248457186011,0.9505219859830013,4751.895571946903,0.9640687946943227,4819.619434496771,0.937411175105175,4686.351370893472
10.0,4999.248457186011,0.9451778132101611,4725.178724457346,0.9601569962399052,4800.063382108701,0.9307032955428041,4652.8170143402995
11.0,4999.248457186011,0.939863687277949,4698.6120885894425,0.9562610702701407,4780.586680215045,0.9240434158863637,4619.522621242796
12.0,4999.248457186011,0.9345794392523364,4672.194819800011,0.9523809523809518,4761.189006843817,0.9174311926605502,4586.466474482578
13.0,4999.248457186011,0.9293249011491034,4645.926078294197,0.948516578429587,4741.870041329467,0.9108662848478832,4553.646869228534
14.0,4999.248457186011,0.9240999059284962,4619.805028998773,0.9446678845335602,4722.629464307574,0.9043483538711181,4521.0621128488965
15.0,4999.248457186011,0.918904287489918,4593.830841535584,0.9408348070695938,4703.466957709566,0.897877063575784,4488.710524823944
16.0,4999.248457186011,0.9137378806666494,4568.002690195162,0.9370172826725678,4684.382204757463,0.8914520802128473,4456.590436659337
17.0,4999.248457186011,0.9086005212205958,4542.319753910469,0.9332152482344724,4665.374889958647,0.885073072421499,4424.7001918000615
18.0,4999.248457186011,0.9034920458370689,4516.7812162308,0.9294286409033642,4646.444699100634,0.8787397112120651,4393.038145544998
19.0,4999.248457186011,0.8984122921195927,4491.386265295822,0.9256573980823268,4627.59131924589,0.8724516699490389,4361.602664962092
20.0,4999.248457186011,0.8933610985847424,4466.134093809774,0.9219014574284377,4608.814438726652,0.8662086243342361,4330.3921288041465
21.0,4999.248457186011,0.8883383046570106,4441.023899015797,0.9181607568517354,4590.113747139779,0.8600102523900687,4299.404927425203
22.0,4999.248457186011,0.8833437506637021,4416.054882670417,0.914435234514195,4571.488935341617,0.8538562344429393,4268.639462697522
23.0,4999.248457186011,0.8783772778298587,4391.22625101817,0.9107248288287049,4552.939695442897,0.8477462531067554,4238.094147929169
24.0,4999.248457186011,0.8734387282732118,4366.537214766366,0.9070294784580487,4534.465720803632,0.8416799932665595,4207.76740778218
25.0,4999.248457186011,0.8685279449991621,4341.9869890599975,0.9033491223138919,4516.066706028061,0.8356571420622779,4177.6576781913145
26.0,4999.248457186011,0.8636447718957908,4317.574793456797,0.899683699555771,4497.7423469595915,0.8296773888725851,4147.7634062833895
27.0,4999.248457186011,0.8587890537288955,4293.299851902415,0.8960331495900886,4479.492340675773,0.8237404252988841,4118.083050297196
28.0,4999.248457186011,0.8539606361370555,4269.16139270576,0.8923974120691115,4461.316385483295,0.8178459451494009,4088.6150795039775
29.0,4999.248457186011,0.8491593656267251,4245.158648514458,0.8887764268899732,4443.214180912994,0.8119936444233934,4059.357974128496
30.0,4999.248457186011,0.844385089567354,4221.290856290467,0.8851701341936795,4425.185427714887,0.8061832212954724,4030.310225270639
31.0,4999.248457186011,0.8396376561865352,4197.557257285815,0.8815784743641202,4407.229827853225,0.8004143761000355,4001.4703348276066
32.0,4999.248457186011,0.8349169145651798,4173.9570970184795,0.8780013880270828,4389.34708450157,0.7946868113158128,3972.836815416648
33.0,4999.248457186011,0.8302227146327201,4150.489625248409,0.8744388160492712,4371.536902037881,0.7890002315505215,3944.4081902983503
34.0,4999.248457186011,0.8255549071623384,4127.1540959536605,0.870890699537328,4353.798986039633,0.7833543435256322,3916.1829933004774
35.0,4999.248457186011,0.8209133437662232,4103.949767306701,0.8673569798368612,4336.133043278946,0.7777488560612432,3888.1597687423555
36.0,4999.248457186011,0.8162978768908521,4080.875901650809,0.8638375985314745,4318.5387817177425,0.7721834800610636,3860.3370713597974
37.0,4999.248457186011,0.8117083598123012,4057.931765476634,0.8603324974418012,4301.015910502912,0.7666579284975025,3832.7134662305625
38.0,4999.248457186011,0.8071446466315803,4035.116629398876,0.8568416186245432,4283.564139961512,0.7611719163968668,3805.287528700356
39.0,4999.248457186011,0.8026065922699959,4012.429768133099,0.8533649043715125,4266.183181595972,0.7557251608246641,3778.0578443093523
40.0,4999.248457186011,0.7980940524645379,3989.8704604726727,0.8499022972086773,4248.872748079327,0.7503173808710099,3751.023008719245
41.0,4999.248457186011,0.7936068837632946,3967.4379892658485,0.8464537398952121,4231.632553250469,0.7449482976361406,3724.1816276408213
42.0,4999.248457186011,0.7891449435208917,3945.13164139296,0.8430191754225513,4214.462312109414,0.7396176342160294,3697.5323167620527
43.0,4999.248457186011,0.7847080898939581,3922.950707743752,0.8395985470134474,4197.361740812594,0.7343251156881058,3671.073701676702
44.0,4999.248457186011,0.7802961818366168,3900.8944831948415,0.8361917981210307,4180.330556668159,0.7290704690970756,3644.804417813437
45.0,4999.248457186011,0.7759090790960002,3878.9622665872976,0.8327988724278769,4163.368478131313,0.723853423440845,3618.723110365457
46.0,4999.248457186011,0.7715466422077929,3857.153360704356,0.8294197138450738,4146.4752247996485,0.718673709656543,3592.82843422062
47.0,4999.248457186011,0.7672087324917974,3835.4670722492538,0.8260542665112959,4129.650517408518,0.713531060606645,3567.119053892068
48.0,4999.248457186011,0.7628952120475253,3813.9027118231857,0.8227024747918799,4112.894077826419,0.7084252110651957,3541.593643449354
49.0,4999.248457186011,0.7586059437498142,3792.4595939033966,0.8193642832779054,4096.205629050391,0.7033558977041305,3516.2508864500564
50.0,4999.248457186011,0.7543407912444675,3771.1370368213793,0.8160396367852788,4079.584895201438,0.6983228590796942,3491.0894758718855
51.0,4999.248457186011,0.7500996189439213,3749.9343627412136,0.812728480353821,4063.031601519971,0.6933258356189577,3466.108114045276
52.0,4999.248457186011,0.7458822920229325,3728.8508976380117,0.8094307592463588,4046.545474361261,0.6883645696064309,3441.3055125864626
53.0,4999.248457186011,0.7416886764142939,3707.885971276494,0.8061464189478205,4030.1262411909192,0.6834388051707709,3416.6803923310276
54.0,4999.248457186011,0.7375186388045717,3687.0389171896823,0.8028754051643341,4013.773630580391,0.6785482882715864,3392.231483267937
55.0,4999.248457186011,0.7333720466298674,3666.3090726577125,0.7996176638223302,3997.487372202467,0.6736927666863354,3367.9575244740377
56.0,4999.248457186011,0.7292487680716044,3645.695778686768,0.7963731410676478,3981.267196826816,0.6688719899973169,3343.857264049024
57.0,4999.248457186011,0.7251486720523366,3625.1983799881286,0.7931417832646441,3965.112836315534,0.6640857095787567,3319.929459050877
58.0,4999.248457186011,0.7210716282315822,3604.8162249573425,0.7899235369953078,3949.0240236187096,0.6593336785839842,3296.1728754317605
59.0,4999.248457186011,0.7170175070016799,3584.548665653508,0.7867183490583766,3933.000492770015,0.6546156519327017,3272.5862879743736
60.0,4999.248457186011,0.7129861794836686,3564.395057778679,0.7835261664684566,3917.041978882302,0.6499313862983446,3249.1684802287646
